completed_date,sprint_id,area,task,narrative
2026-03-15,,company/production,Review SRS seed — validated during auction mechanism design,
2026-03-15,,company/process,Review governance documents — constraints and approval gates reviewed,
2026-03-15,,system/exchange,Acknowledge onboarding exchange via /exchange write acknowledgment,
2026-03-15,,company/production,Define tiered-bid auction mechanism — full spec at library/auction-mechanism.md,
2026-03-15,,company/production,"Run ICP/JTBD framework exercise — 8 personas, 8 use case families, matrix",
2026-03-15,,company/production,Create spec index — spec-v1-00-index.md,
2026-03-15,,company/production,Write user journey docs (Phase 2 SDD) — 6 documents covering all 8 personas,
2026-03-15,,company/production,Update auction mechanism spec — sequential tier progression replaces direct high-tier bidding (§4.5),
2026-03-15,,agents/clo,Draft securities opinion request — securities-opinion-request.md,
2026-03-15,,agents/clo,Draft fiduciary lawyer RFP — fiduciary-rfp.md,
2026-03-16,,system/exchange,"Apply C3PO exchange: spec skill, spec profiles, enterprise context v3, SDD process guide",
2026-03-16,,company/process,Adopt ICOM governance folder restructure,
2026-03-16,,system/exchange,Acknowledge spec-skill-icom-amendment exchange,
2026-03-16,,company/production,"Initialize /spec lifecycle — progress tracker, phase mapping, Phases 1–2 validated",
2026-03-16,,company/production,Archive auction-mechanism.md and SRS seed to library/,
2026-03-20,,company/production,Produce autonomy strategy analysis (Principal's 2026-03-20 cross-instance exercise),
2026-03-20,,company/process,Install ctrl-agent-directed-work.md governance control,
2026-03-20,,system/exchange,Acknowledge agent-directed-work amendment with strategy + agent inventory,
2026-03-21,,agents/cto,Instantiate CTO agent (agents/cto/cto-tasks.md),
2026-03-21,,agents/cto,Migrate CTO-scoped tasks from TASKS.md to agents/cto/cto-tasks.md,
2026-03-24,,system/exchange,Process product-ontology-and-skill-update exchange,
2026-03-24,,company/production,Phase 3b SDD: Data and State spec,
2026-03-24,,company/production,Phase 4 SDD: Technical Architecture spec,
2026-03-24,,company/production,"Phase 5: Simulation (two-pass validation, 3 dangerous gaps fixed)",
2026-03-24,,system/exchange,Acknowledge exchange skill bugfix from C3PO,
2026-03-24,,company/production,Review 03a site design with William (approved),
2026-03-24,,company/production,Write §13.2 image infrastructure spec (closes SIM-05),
2026-03-21,SPR-007,company/production,"Phase 3 SDD: Site Design (spec-v1-03a-site-design.md) — 21 sections, 11 page templates, all components and flows",
2026-03-24,SPR-009,company/production,"Phase 3 SDD: Data and State (spec-v1-03b-data-and-state.md) — 15 sections: 6 entity schemas, auction state machine, reward calculations, notification events, temporal rules",
2026-03-24,SPR-009,company/production,"Phase 4 SDD: Technical Architecture (spec-v1-04-technical-architecture.md) — 16 sections: Next.js + Vercel + Postgres + Stripe, full API contracts, database schema, auth, real-time, notifications, security, acceptance criteria, test strategy",
2026-03-24,SPR-009,company/production,"Phase 5: Simulate — two-pass validation, 3 dangerous gaps found and fixed (sales tax, admin bids endpoint, auction close trigger), 14 safe gaps documented",
2026-03-25,SPR-012,company/production,"PROD-003: Resolve TECH-03: headless CMS vs markdown (needs William's input)",
2026-03-25,SPR-012,company/production,"PROD-001: Rework Phase 4 architecture: gallery (static content) vs auction engine (database/API) separation",
2026-03-25,SPR-012,company/production,"PROD-002: Resolve TECH-04: skip real-time, use polling",
2026-03-25,SPR-012,company/production,"PROD-008: Design real-time bid status system (replaced by polling — 10 lines of client code)",
